Gene,Filtering,MSE,MAE,R2
EIF2AK3,No Filtering,0.017791,0.111014,-8.07228
EIF2AK3,Feature Values > 0,0.011188,0.080876,-4.705492
EIF2AK3,Feature Values > 0.1,0.010855,0.07805,-4.535268
EIF2AK3,Feature Values < -0.1,0.018317,0.110829,-8.340454
MYC,No Filtering,0.011613,0.038431,-0.072014
MYC,Feature Values > 0,0.011625,0.039405,-0.073142
MYC,Feature Values > 0.1,0.011664,0.040353,-0.076709
MYC,Feature Values < -0.1,0.011754,0.039658,-0.085065
NQO1,No Filtering,0.005014,0.057475,-0.080126
NQO1,Feature Values > 0,0.005956,0.067674,-0.283012
NQO1,Feature Values > 0.1,0.003871,0.054601,0.166209
NQO1,Feature Values < -0.1,0.006006,0.064557,-0.293654
SF3B1,No Filtering,0.00016,0.008387,0.274684
SF3B1,Feature Values > 0,0.00019,0.010024,0.139816
SF3B1,Feature Values > 0.1,0.000249,0.012543,-0.128549
SF3B1,Feature Values < -0.1,0.00024,0.009291,-0.085934
SQSTM1,No Filtering,0.000586,0.020836,-0.278339
SQSTM1,Feature Values > 0,0.000757,0.021936,-0.64965
SQSTM1,Feature Values > 0.1,0.000661,0.020333,-0.441266
SQSTM1,Feature Values < -0.1,0.000556,0.02036,-0.211726
