ModelID,PatientID,CellLineName,StrippedCellLineName,OncotreeSubtype
ACH-000181,PT-UbMDmb,SCC-9,SCC9,Oral Cavity Squamous Cell Carcinoma
ACH-000188,PT-Iz4kXj,SCC-25,SCC25,Oral Cavity Squamous Cell Carcinoma
ACH-000228,PT-HX0QLG,BICR 31,BICR31,Oral Cavity Squamous Cell Carcinoma
ACH-000238,PT-Kf5TA3,SCC-4,SCC4,Oral Cavity Squamous Cell Carcinoma
ACH-000254,PT-nowpOK,SCC-15,SCC15,Oral Cavity Squamous Cell Carcinoma
ACH-000472,PT-MxVfNi,HSC-2,HSC2,Oral Cavity Squamous Cell Carcinoma
ACH-000503,PT-9uZV0s,BICR 16,BICR16,Oral Cavity Squamous Cell Carcinoma
ACH-000518,PT-czsVU5,CAL-33,CAL33,Oral Cavity Squamous Cell Carcinoma
ACH-000546,PT-F3GXIi,HSC-4,HSC4,Oral Cavity Squamous Cell Carcinoma
ACH-000548,PT-p0K5QM,BHY,BHY,Oral Cavity Squamous Cell Carcinoma
ACH-000606,PT-qno39F,PE/CA-PJ34 (clone C12),PECAPJ34CLONEC12,Oral Cavity Squamous Cell Carcinoma
ACH-000619,PT-UF0NQM,PE/CA-PJ15,PECAPJ15,Oral Cavity Squamous Cell Carcinoma
ACH-000630,PT-uty9xg,YD-8,YD8,Oral Cavity Squamous Cell Carcinoma
ACH-000723,PT-eFL4J2,YD-10B,YD10B,Oral Cavity Squamous Cell Carcinoma
ACH-000732,PT-mK3rFG,PE/CA-PJ41 (clone D2),PECAPJ41CLONED2,Oral Cavity Squamous Cell Carcinoma
ACH-000735,PT-M3R2ei,PE/CA-PJ49,PECAPJ49,Oral Cavity Squamous Cell Carcinoma
ACH-000740,PT-T4PL7e,A-253,A253,Oral Cavity Squamous Cell Carcinoma
ACH-000771,PT-59aO2P,BICR 56,BICR56,Oral Cavity Squamous Cell Carcinoma
ACH-000778,PT-XJviYz,HSC-3,HSC3,Oral Cavity Squamous Cell Carcinoma
ACH-000794,PT-zkbKhd,BICR 22,BICR22,Oral Cavity Squamous Cell Carcinoma
ACH-000832,PT-JCJHPr,CAL 27,CAL27,Oral Cavity Squamous Cell Carcinoma
ACH-000836,PT-ZS5SNw,YD-15,YD15,Oral Cavity Squamous Cell Carcinoma
ACH-001090,PT-yu1MA4,HN,HN,Oral Cavity Squamous Cell Carcinoma
ACH-001227,PT-k3C7C0,UPCI-SCC-090,UPCISCC090,Oral Cavity Squamous Cell Carcinoma
ACH-001228,PT-k3C7C0,UPCI-SCC-152,UPCISCC152,Oral Cavity Squamous Cell Carcinoma
ACH-001229,PT-FRJzoR,UPCI-SCC-154,UPCISCC154,Oral Cavity Squamous Cell Carcinoma
ACH-001331,PT-oQXmqM,BICR 10,BICR10,Oral Cavity Squamous Cell Carcinoma
ACH-001332,PT-aRE4u7,BICR 78,BICR78,Oral Cavity Squamous Cell Carcinoma
ACH-001346,PT-VXDXrs,H103,H103,Oral Cavity Squamous Cell Carcinoma
ACH-001347,PT-C880aD,H157,H157,Oral Cavity Squamous Cell Carcinoma
ACH-001509,PT-jrbPZG,H357,H357,Oral Cavity Squamous Cell Carcinoma
ACH-001510,PT-8wgZXD,H376,H376,Oral Cavity Squamous Cell Carcinoma
ACH-001511,PT-L1Obji,H413,H413,Oral Cavity Squamous Cell Carcinoma
ACH-001542,PT-wu5c1x,KON,KON,Oral Cavity Squamous Cell Carcinoma
ACH-001543,PT-1EAB3W,KOSC-2,KOSC2,Oral Cavity Squamous Cell Carcinoma
ACH-001625,PT-FeUEcM,OSC-19,OSC19,Oral Cavity Squamous Cell Carcinoma
ACH-001626,PT-CVPxmk,OSC-20,OSC20,Oral Cavity Squamous Cell Carcinoma
ACH-001675,PT-6uEn4i,TR146,TR146,Oral Cavity Squamous Cell Carcinoma
ACH-001690,PT-uLUnir,UPCI-SCC-026,UPCISCC026,Oral Cavity Squamous Cell Carcinoma
ACH-001691,PT-km3C7x,UPCI-SCC-029A,UPCISCC029A,Oral Cavity Squamous Cell Carcinoma
ACH-001692,PT-pvMW8r,UPCI-SCC-040,UPCISCC040,Oral Cavity Squamous Cell Carcinoma
ACH-001694,PT-GgnlK1,UPCI-SCC-074,UPCISCC074,Oral Cavity Squamous Cell Carcinoma
ACH-001696,PT-YWwuRp,UPCI-SCC-111,UPCISCC111,Oral Cavity Squamous Cell Carcinoma
ACH-001698,PT-sxiEGA,UPCI-SCC-116,UPCISCC116,Oral Cavity Squamous Cell Carcinoma
ACH-001699,PT-uhmv08,UPCI-SCC-131,UPCISCC131,Oral Cavity Squamous Cell Carcinoma
ACH-001701,PT-CvPqts,UPCI-SCC-200,UPCISCC200,Oral Cavity Squamous Cell Carcinoma
ACH-002029,PT-rJXazG,SAS,SAS,Oral Cavity Squamous Cell Carcinoma
ACH-002043,PT-gB4Jfi,Ca9-22,CA922,Oral Cavity Squamous Cell Carcinoma
ACH-002045,PT-a3mx1w,HO-1-u-1,HO1U1,Oral Cavity Squamous Cell Carcinoma
ACH-002213,PT-2UHafq,BB49-HNC,BB49HNC,Oral Cavity Squamous Cell Carcinoma
ACH-002244,PT-vSXKPA,HO-1-N-1,HO1N1,Oral Cavity Squamous Cell Carcinoma
ACH-002295,PT-BYyQBX,PCI-30,PCI30,Oral Cavity Squamous Cell Carcinoma
ACH-002296,PT-oqands,PCI-38,PCI38,Oral Cavity Squamous Cell Carcinoma
ACH-002298,PT-mnzvO8,PCI-6A,PCI6A,Oral Cavity Squamous Cell Carcinoma
ACH-002305,PT-ErYkxf,SKN-3,SKN3,Oral Cavity Squamous Cell Carcinoma
